no,query,claimed,fix,never_retrieved,foreign_hits,top_rrf,top_minmax,top_score
1,操作系统的主要功能是什么？,kp-os-intro,ok,kp-string,kp-os-intro kp-os-file kp-os-io kp-string kp-os-deadlock,kp-os-intro kp-os-file kp-os-io kp-string kp-os-deadlock,kp-os-intro kp-os-file kp-os-io kp-string kp-os-deadlock,
2,操作系统在计算机系统中处于什么位置？,kp-os-intro,ok,,kp-os-intro kp-os-file kp-os-io kp-os-disk kp-os-schedule,kp-os-intro kp-os-file kp-os-io kp-os-disk kp-os-schedule,kp-os-intro kp-os-file kp-os-io kp-os-disk kp-os-schedule,
3,进程和线程有什么区别？,kp-os-process,ok,,kp-graph kp-stack,kp-os-process kp-os-sync kp-os-schedule kp-stack kp-graph,kp-os-process kp-os-schedule kp-os-sync kp-stack kp-graph,kp-os-process kp-os-sync kp-os-schedule kp-stack kp-graph
4,进程有哪些状态？状态之间怎么转换？,kp-os-process,ok,,kp-dp,kp-os-process kp-os-schedule kp-os-sync kp-dp kp-os-io,kp-os-process kp-os-schedule kp-os-sync kp-dp kp-os-io,kp-os-process kp-os-schedule kp-os-sync kp-dp kp-os-io
5,PCB 里存了什么？,kp-os-process,ok,,kp-graph kp-linkedlist,kp-os-process kp-os-vmemory kp-linkedlist kp-os-memory kp-graph,kp-os-process kp-os-vmemory kp-linkedlist kp-os-memory kp-graph,kp-os-process kp-os-vmemory kp-linkedlist kp-os-memory kp-graph
6,什么是进程调度？,kp-os-schedule,ok,,,kp-os-schedule kp-os-process kp-os-disk kp-os-sync kp-os-io,kp-os-schedule kp-os-process kp-os-disk kp-os-sync kp-os-io,kp-os-schedule kp-os-process kp-os-disk kp-os-sync kp-os-io
7,先来先服务和短作业优先哪个好？,kp-os-schedule,ok,,kp-queue kp-stack,kp-os-schedule kp-stack kp-queue kp-os-vmemory kp-os-deadlock,kp-os-schedule kp-stack kp-queue kp-os-vmemory kp-os-deadlock,kp-os-schedule kp-stack kp-queue kp-os-vmemory kp-os-deadlock
8,时间片轮转法适合什么场景？,kp-os-schedule,ok,,kp-complexity kp-dp,kp-os-schedule kp-os-disk kp-complexity kp-os-vmemory kp-dp,kp-os-schedule kp-os-disk kp-complexity kp-os-vmemory kp-dp,kp-os-schedule kp-os-disk kp-complexity kp-os-vmemory kp-dp
9,多级反馈队列调度是怎么工作的？,kp-os-schedule,ok,,kp-queue,kp-os-schedule kp-os-disk kp-queue kp-os-sync kp-os-io,kp-os-schedule kp-queue kp-os-disk kp-os-sync kp-os-io,kp-queue kp-os-schedule kp-os-disk kp-os-sync kp-os-io
10,什么是临界区？,kp-os-sync,ok,,kp-dp kp-recursion,kp-os-sync kp-recursion kp-dp kp-os-process kp-os-schedule,kp-os-sync kp-recursion kp-dp kp-os-process kp-os-schedule,kp-os-sync kp-recursion kp-dp kp-os-process kp-os-schedule
11,信号量是怎么实现进程互斥的？,kp-os-sync,ok,,kp-complexity kp-stack,kp-os-sync kp-os-schedule kp-os-process kp-stack kp-complexity,kp-os-sync kp-os-schedule kp-os-process kp-stack kp-complexity,kp-os-sync kp-os-process kp-os-schedule kp-stack kp-complexity
12,生产者消费者问题怎么用信号量解决？,kp-os-sync,ok,,,kp-os-sync kp-os-io kp-os-schedule kp-os-memory kp-os-vmemory,kp-os-sync kp-os-io kp-os-schedule kp-os-memory kp-os-vmemory,kp-os-sync kp-os-io kp-os-schedule kp-os-memory kp-os-vmemory
13,管程和信号量有什么区别？,kp-os-sync,ok,,,kp-os-sync kp-os-process kp-os-io kp-os-schedule kp-os-memory,kp-os-sync kp-os-process kp-os-io kp-os-schedule kp-os-memory,kp-os-sync kp-os-process kp-os-io kp-os-schedule kp-os-memory
14,死锁产生的四个必要条件是什么？,kp-os-deadlock,ok,,kp-graph,kp-os-deadlock kp-os-io kp-os-file kp-graph kp-os-disk,kp-os-deadlock kp-os-io kp-os-file kp-graph kp-os-disk,kp-os-deadlock kp-os-io kp-os-file kp-graph kp-os-disk
15,怎么预防死锁？,kp-os-deadlock,ok,,kp-linkedlist,kp-os-deadlock kp-os-vmemory kp-os-disk kp-os-schedule kp-linkedlist,kp-os-deadlock kp-os-vmemory kp-os-disk kp-os-schedule kp-linkedlist,kp-os-deadlock kp-os-vmemory kp-os-disk kp-os-schedule kp-linkedlist
16,银行家算法是怎么避免死锁的？,kp-os-deadlock,ok,,kp-intro kp-search kp-search-kmp kp-sort kp-sort-selection,kp-os-deadlock kp-search-kmp kp-intro kp-os-vmemory kp-search,kp-os-deadlock kp-search-kmp kp-os-vmemory kp-os-disk kp-sort-selection,kp-os-deadlock kp-search-kmp kp-intro kp-search kp-sort
17,死锁和饥饿有什么区别？,kp-os-deadlock kp-os-sync,kp-os-deadlock kp-os-schedule,kp-os-sync,kp-complexity kp-recursion,kp-os-deadlock kp-os-vmemory kp-complexity kp-recursion kp-os-intro,kp-os-deadlock kp-os-vmemory kp-complexity kp-recursion kp-os-intro,kp-os-deadlock kp-os-vmemory kp-complexity kp-recursion kp-os-intro
18,分页和分段有什么区别？,kp-os-memory,ok,,,kp-os-memory kp-os-vmemory kp-os-process kp-os-sync kp-os-io,kp-os-memory kp-os-vmemory kp-os-process kp-os-sync kp-os-io,kp-os-memory kp-os-vmemory kp-os-process kp-os-sync kp-os-io
19,逻辑地址怎么转换成物理地址？,kp-os-memory,ok,,,kp-os-memory kp-os-file kp-os-disk kp-os-schedule kp-os-vmemory,kp-os-memory kp-os-file kp-os-disk kp-os-schedule kp-os-vmemory,kp-os-memory kp-os-file kp-os-disk kp-os-schedule kp-os-vmemory
20,段页式存储管理是怎么组织的？,kp-os-memory,ok,,kp-array,kp-os-memory kp-os-io kp-os-file kp-os-vmemory kp-array,kp-os-memory kp-os-file kp-os-io kp-os-vmemory kp-array,kp-os-memory kp-os-file kp-os-vmemory kp-array kp-os-io
21,什么是虚拟内存？,kp-os-vmemory,ok,,kp-array,kp-os-vmemory kp-os-memory kp-os-disk kp-array kp-os-intro,kp-os-vmemory kp-os-memory kp-os-disk kp-array kp-os-intro,kp-os-vmemory kp-os-memory kp-os-disk kp-array kp-os-intro
22,页面置换算法有哪些？LRU 是怎么实现的？,kp-os-vmemory,ok,,kp-intro kp-search kp-search-kmp kp-sort,kp-search-kmp kp-os-vmemory kp-intro kp-os-schedule kp-search,kp-os-vmemory kp-search-kmp kp-intro kp-search kp-sort,kp-os-vmemory kp-os-schedule kp-os-memory kp-os-disk kp-search-kmp
23,什么是缺页中断？,kp-os-vmemory,ok,,kp-bst,kp-os-vmemory kp-os-memory kp-os-deadlock kp-os-io kp-bst,kp-os-vmemory kp-os-memory kp-os-deadlock kp-os-io kp-bst,kp-os-vmemory kp-os-memory kp-os-deadlock kp-os-io kp-bst
24,抖动是怎么产生的？怎么解决？,kp-os-vmemory,ok,,kp-sort,kp-os-vmemory kp-os-schedule kp-os-sync kp-os-process kp-sort,kp-os-vmemory kp-os-schedule kp-os-sync kp-os-process kp-sort,kp-os-vmemory kp-os-schedule kp-os-sync kp-os-process kp-sort
25,FIFO 置换算法有什么问题？,kp-os-vmemory,ok,,kp-intro kp-search kp-search-kmp kp-sort,kp-os-vmemory kp-intro kp-os-schedule kp-search kp-os-disk,kp-os-vmemory kp-intro kp-search kp-search-kmp kp-sort,kp-os-vmemory kp-intro kp-search kp-search-kmp kp-sort
26,文件的物理结构有哪几种？,kp-os-file,ok,,kp-array kp-queue kp-stack,kp-os-file kp-stack kp-queue kp-array kp-os-memory,kp-os-file kp-stack kp-queue kp-array kp-os-memory,kp-os-file kp-stack kp-queue kp-array kp-os-memory
27,索引节点是什么？它解决了什么问题？,kp-os-file,ok,,kp-bst kp-recursion kp-stack,kp-bst kp-os-file kp-stack kp-os-sync kp-recursion,kp-bst kp-os-file kp-stack kp-os-sync kp-recursion,kp-bst kp-os-file kp-stack kp-os-sync kp-recursion
28,目录的作用是什么？,kp-os-file,ok,,kp-array kp-recursion,kp-os-file kp-os-intro kp-array kp-os-memory kp-recursion,kp-os-file kp-os-intro kp-array kp-os-memory kp-recursion,kp-os-file kp-os-intro kp-array kp-os-memory kp-recursion
29,磁盘调度算法有哪些？,kp-os-disk,ok,,kp-complexity kp-intro kp-search kp-search-kmp,kp-os-disk kp-os-schedule kp-os-vmemory kp-intro kp-os-file,kp-os-disk kp-os-schedule kp-os-vmemory kp-os-file kp-complexity,kp-os-disk kp-os-schedule kp-intro kp-search kp-search-kmp
30,SCAN 和 C-SCAN 有什么区别？,kp-os-disk,ok,,kp-queue,kp-os-disk kp-os-io kp-os-process kp-os-sync kp-queue,kp-os-disk kp-os-io kp-os-process kp-os-sync kp-queue,kp-os-disk kp-os-io kp-os-process kp-os-sync kp-queue
31,最短寻道时间优先有什么缺点？,kp-os-disk,ok,,kp-dp kp-graph kp-sort-selection,kp-os-disk kp-os-schedule kp-graph kp-dp kp-sort-selection,kp-os-disk kp-os-schedule kp-graph kp-dp kp-sort-selection,kp-os-disk kp-os-schedule kp-graph kp-dp kp-sort-selection
32,磁盘寻道时间由什么决定？,kp-os-disk,ok,,kp-complexity kp-hash,kp-os-disk kp-os-file kp-complexity kp-os-vmemory kp-hash,kp-os-disk kp-os-file kp-complexity kp-os-vmemory kp-hash,kp-os-disk kp-os-file kp-complexity kp-os-vmemory kp-hash
33,I/O 控制方式有哪几种？,kp-os-io,ok,,,kp-os-io kp-os-schedule kp-os-sync kp-os-disk kp-os-process,kp-os-io kp-os-schedule kp-os-sync kp-os-disk kp-os-process,kp-os-io kp-os-schedule kp-os-sync kp-os-disk kp-os-process
34,DMA 和中断方式有什么区别？,kp-os-io,ok,,,kp-os-io kp-os-process kp-os-deadlock kp-os-disk kp-os-schedule,kp-os-io kp-os-process kp-os-deadlock kp-os-disk kp-os-schedule,kp-os-io kp-os-process kp-os-deadlock kp-os-disk kp-os-schedule
35,缓冲区的作用是什么？,kp-os-io,ok,,,kp-os-io kp-os-sync kp-os-disk kp-os-schedule kp-os-process,kp-os-io kp-os-sync kp-os-disk kp-os-schedule kp-os-process,kp-os-io kp-os-sync kp-os-disk kp-os-schedule kp-os-process
36,设备分配要考虑哪些问题？,kp-os-io,ok,,,kp-os-io kp-os-sync kp-os-memory kp-os-process kp-os-deadlock,kp-os-io kp-os-sync kp-os-memory kp-os-process kp-os-deadlock,kp-os-io kp-os-sync kp-os-memory kp-os-process kp-os-deadlock
37,虚拟内存和内存管理有什么关系？,kp-os-memory kp-os-vmemory,ok,,kp-array,kp-os-vmemory kp-os-memory kp-os-file kp-os-io kp-os-disk,kp-os-vmemory kp-os-memory kp-os-file kp-os-disk kp-array,kp-os-vmemory kp-os-memory kp-os-file kp-os-io kp-os-disk
38,进程调度和进程同步有什么联系？,kp-os-schedule kp-os-sync,ok,,,kp-os-schedule kp-os-process kp-os-disk kp-os-sync kp-os-io,kp-os-schedule kp-os-process kp-os-sync kp-os-disk kp-os-io,kp-os-schedule kp-os-process kp-os-sync kp-os-disk kp-os-io
39,文件系统和磁盘调度是怎么配合的？,kp-os-disk kp-os-file,ok,,,kp-os-disk kp-os-file kp-os-schedule kp-os-io kp-os-memory,kp-os-disk kp-os-file kp-os-schedule kp-os-io kp-os-memory,kp-os-file kp-os-disk kp-os-schedule kp-os-io kp-os-memory
40,为什么需要操作系统来管理 I/O？,kp-os-intro kp-os-io,ok,,,kp-os-io kp-os-intro kp-os-file kp-os-memory kp-os-schedule,kp-os-io kp-os-intro kp-os-file kp-os-schedule kp-os-disk,kp-os-io kp-os-intro kp-os-memory kp-os-file kp-os-schedule
